{
  "model": "AMAX_XGB1",
  "model_type": "XGBoost",
  "hyperparameters": {
    "n_estimators": 1000,
    "max_depth": 9,
    "learning_rate": 0.05,
    "subsample": 0.8,
    "colsample_bytree": 0.8,
    "tree_method": "hist",
    "device": "cuda",
    "random_state": 42,
    "verbosity": 1
  },
  "n_features": 312,
  "n_samples": 40013,
  "hardware": {
    "compute_type": "GPU",
    "gpu": {
      "model": "NVIDIA RTX A5000",
      "architecture": "Ampere",
      "memory_gb": 24,
      "compute_capability": "8.6",
      "cuda_cores": 8192,
      "num_gpus": 4
    }
  },
  "cross_validation": {
    "scaffold": {
      "RMSE": 53.934536719928744,
      "MAE": 35.35934929279418,
      "R2": 0.782758488922571,
      "Pearson_r": 0.8855388193094156
    },
    "solvent": {
      "RMSE": 47.75755145372533,
      "MAE": 27.327323258374964,
      "R2": 0.8295077323074814,
      "Pearson_r": 0.9114362302586805
    },
    "cluster": {
      "RMSE": 67.77338298850387,
      "MAE": 45.32841539305325,
      "R2": 0.6264362574790601,
      "Pearson_r": 0.7957339348166121
    },
    "overall": {
      "RMSE": 56.488490387385994,
      "MAE": 36.005029314740796,
      "R2": 0.7462341595697042,
      "Pearson_r": 0.864236328128236
    }
  }
}